会社名,タイトル,概要,リンク
株式会社最上工務店,注文住宅建築・リフォームの最上工務店｜神奈川県綾瀬市,"最上工務店株式会社は、神奈川県綾瀬市を中心に住宅の新築・リフォーム事業を展開してまいりました。 1975年の設立以来、長きに渡り事業を続けることができまし ...
会社名： 最上工務店 株式会社",https://www.mogami-k.com/
株式会社Ｃｒｅｅｒ　Ｈ,株式会社Creer H - 弘前市の企業 - 全国法人リスト,,https://houjin.jp/c/1420001016142
フロープラン株式会社,フロープラン株式会社,,https://flowplan.jp/
さくらコンサルティング株式会社,株式会社さくらコンサルティング,"法人名, 株式会社さくらコンサルティング (英文社名:Sakura Consulting Co., Ltd.) 代表者, 代表取締役 森田 泰行. 資本金, 5,000,000円.
代表者： 代表取締役 森田 泰行",http://www.sakura-consulting.com/
株式会社タナカ塗装店,タナカ塗装店,,https://tanaka-painting.com/
株式会社ジン測量,株式会社ジン測量 - 新青森 / 株式会社 - goo地図,,https://map.goo.ne.jp/place/KKSCWAHR/amp/
株式会社工藤建設工業,工藤建設工業（株） - 太田市,,http://www.kudo-kk.com/
株式会社江良鐵筋工業,株式会社江良鐵筋工業 - 電話帳 - マピオン,,https://www.mapion.co.jp/phonebook/M26012/02209/20230237460/
株式会社小比類巻ファーム,株式会社小比類巻ファーム - 三沢市 - goo地図,,https://map.goo.ne.jp/place/ARRK44H5/
株式会社エイコードバンク,株式会社エイコードバンク,エイコードバンクは『パズリィハウス』『アビスアンドダーク』『津軽為信統一記』などのゲームアプリの開発をしています。,https://acodebank.jp/
